review_id,customer_id,product_id,order_id,rating,review_title,review_text,is_verified_purchase,created_at
1,3,35,3,3,"Decent, does the job","Good product overall, though a bit heavier than I anticipated.",TRUE,2025-11-16 02:42:57+00
2,4,28,4,5,Top notch quality,Remarkable attention to detail. Fast shipping and solid packaging.,TRUE,2024-11-11 20:43:29+00
3,8,9,9,3,Average performance,Works as advertised but packaging was slightly dinged during transit.,TRUE,2024-11-02 12:34:43+00
4,8,30,10,5,Great value for money,Competes with items twice the price. Very satisfied with this product.,TRUE,2024-12-10 23:05:43+00
5,9,17,11,5,Top notch quality,Remarkable attention to detail. Fast shipping and solid packaging.,TRUE,2025-10-10 05:05:29+00
6,12,7,15,4,Sturdy and reliable,I have been using this daily for weeks now with zero complaints.,TRUE,2025-11-14 09:50:18+00
7,13,18,16,5,Sturdy and reliable,I have been using this daily for weeks now with zero complaints.,TRUE,2025-01-18 06:29:56+00
8,14,4,17,4,Top notch quality,Remarkable attention to detail. Fast shipping and solid packaging.,TRUE,2025-09-10 12:26:07+00
9,15,1,18,4,Top notch quality,Remarkable attention to detail. Fast shipping and solid packaging.,TRUE,2025-12-02 02:35:55+00
10,15,2,20,3,"Decent, does the job","Good product overall, though a bit heavier than I anticipated.",TRUE,2026-03-02 22:44:55+00
11,16,27,22,4,Top notch quality,Remarkable attention to detail. Fast shipping and solid packaging.,TRUE,2024-07-11 21:08:49+00
12,17,30,24,4,Sturdy and reliable,I have been using this daily for weeks now with zero complaints.,TRUE,2024-10-21 18:04:06+00
13,18,3,25,4,Exceeded Expectations!,Absolutely stellar quality. Built to last and works seamlessly out of the box.,TRUE,2025-08-31 10:58:07+00
14,18,6,26,5,Top notch quality,Remarkable attention to detail. Fast shipping and solid packaging.,TRUE,2025-09-22 21:54:07+00
15,20,23,29,2,Disappointed with build quality,Stopped functioning after 2 weeks. Expected better durability for the price.,TRUE,2025-01-16 13:24:42+00
16,21,35,30,5,Exceeded Expectations!,Absolutely stellar quality. Built to last and works seamlessly out of the box.,TRUE,2024-03-18 23:14:25+00
17,23,1,32,5,Great value for money,Competes with items twice the price. Very satisfied with this product.,TRUE,2025-09-25 22:47:06+00
18,26,26,38,1,Disappointed with build quality,Stopped functioning after 2 weeks. Expected better durability for the price.,TRUE,2024-03-13 07:00:34+00
19,27,11,40,4,Exceeded Expectations!,Absolutely stellar quality. Built to last and works seamlessly out of the box.,TRUE,2025-11-09 22:02:06+00
20,27,25,42,5,Exceeded Expectations!,Absolutely stellar quality. Built to last and works seamlessly out of the box.,TRUE,2026-02-05 18:32:06+00
21,29,20,46,5,Exceeded Expectations!,Absolutely stellar quality. Built to last and works seamlessly out of the box.,TRUE,2024-06-30 18:16:19+00
22,30,29,47,4,Sturdy and reliable,I have been using this daily for weeks now with zero complaints.,TRUE,2025-03-01 13:38:31+00
23,31,4,48,4,Exceeded Expectations!,Absolutely stellar quality. Built to last and works seamlessly out of the box.,TRUE,2025-12-08 09:45:30+00
24,33,32,50,4,Great value for money,Competes with items twice the price. Very satisfied with this product.,TRUE,2024-05-08 16:16:52+00
25,34,15,52,2,Not what I expected,Colors did not match the product pictures online. Customer support was slow.,TRUE,2025-05-13 06:59:43+00
26,38,38,57,4,Sturdy and reliable,I have been using this daily for weeks now with zero complaints.,TRUE,2025-05-23 13:06:08+00
27,42,8,62,2,Defective on arrival,Had to initiate a return immediately due to damaged hardware.,TRUE,2025-12-27 20:58:55+00
28,42,27,63,5,Sturdy and reliable,I have been using this daily for weeks now with zero complaints.,TRUE,2026-01-25 09:12:55+00
29,45,3,69,2,Disappointed with build quality,Stopped functioning after 2 weeks. Expected better durability for the price.,TRUE,2024-09-21 11:10:14+00
30,48,34,72,5,Top notch quality,Remarkable attention to detail. Fast shipping and solid packaging.,TRUE,2024-01-28 01:16:39+00
31,49,6,73,4,Great value for money,Competes with items twice the price. Very satisfied with this product.,TRUE,2025-11-14 08:40:02+00
32,51,19,75,5,Great value for money,Competes with items twice the price. Very satisfied with this product.,TRUE,2024-12-05 04:21:23+00
33,52,8,78,3,"Decent, does the job","Good product overall, though a bit heavier than I anticipated.",TRUE,2025-07-22 01:45:16+00
34,53,16,80,4,Exceeded Expectations!,Absolutely stellar quality. Built to last and works seamlessly out of the box.,TRUE,2025-06-09 22:38:29+00
35,55,24,83,5,Sturdy and reliable,I have been using this daily for weeks now with zero complaints.,TRUE,2024-07-22 09:45:58+00
36,56,32,84,3,Average performance,Works as advertised but packaging was slightly dinged during transit.,TRUE,2024-08-06 12:16:33+00
37,57,31,85,4,Top notch quality,Remarkable attention to detail. Fast shipping and solid packaging.,TRUE,2025-08-02 14:48:18+00
38,60,20,90,5,Sturdy and reliable,I have been using this daily for weeks now with zero complaints.,TRUE,2025-07-09 17:08:43+00
39,61,38,91,4,Top notch quality,Remarkable attention to detail. Fast shipping and solid packaging.,TRUE,2024-06-25 20:21:20+00
40,63,17,94,3,Okay for the price,"Nothing extraordinary, but perfectly fine for daily casual use.",TRUE,2025-03-25 13:25:25+00
41,66,38,99,5,Sturdy and reliable,I have been using this daily for weeks now with zero complaints.,TRUE,2025-09-02 04:08:00+00
42,66,2,101,4,Top notch quality,Remarkable attention to detail. Fast shipping and solid packaging.,TRUE,2025-10-24 16:32:00+00
43,66,15,102,5,Sturdy and reliable,I have been using this daily for weeks now with zero complaints.,TRUE,2025-11-04 00:17:00+00
44,69,16,106,3,Okay for the price,"Nothing extraordinary, but perfectly fine for daily casual use.",TRUE,2025-05-01 17:23:49+00
45,72,26,111,5,Great value for money,Competes with items twice the price. Very satisfied with this product.,TRUE,2025-05-24 23:27:52+00
46,75,8,114,3,Average performance,Works as advertised but packaging was slightly dinged during transit.,TRUE,2025-04-05 17:09:02+00
47,75,2,115,5,Top notch quality,Remarkable attention to detail. Fast shipping and solid packaging.,TRUE,2025-04-09 00:52:02+00
48,79,34,123,5,Great value for money,Competes with items twice the price. Very satisfied with this product.,TRUE,2025-04-07 21:34:01+00
49,83,2,128,3,"Decent, does the job","Good product overall, though a bit heavier than I anticipated.",TRUE,2025-08-17 15:42:47+00
50,84,30,129,4,Sturdy and reliable,I have been using this daily for weeks now with zero complaints.,TRUE,2024-03-08 11:03:53+00
51,85,27,130,4,Would buy again in a heartbeat,Hands down the best purchase I made this year. High performance and sleek design.,TRUE,2024-03-12 03:35:44+00
52,87,5,132,5,Would buy again in a heartbeat,Hands down the best purchase I made this year. High performance and sleek design.,TRUE,2024-09-10 19:32:01+00
53,88,9,134,5,Great value for money,Competes with items twice the price. Very satisfied with this product.,TRUE,2024-05-20 19:30:23+00
54,94,27,147,5,Would buy again in a heartbeat,Hands down the best purchase I made this year. High performance and sleek design.,TRUE,2024-02-09 04:08:23+00
55,99,10,156,1,Disappointed with build quality,Stopped functioning after 2 weeks. Expected better durability for the price.,TRUE,2025-09-01 14:19:20+00
56,104,17,163,4,Exceeded Expectations!,Absolutely stellar quality. Built to last and works seamlessly out of the box.,TRUE,2025-02-13 00:25:58+00
57,105,32,165,5,Sturdy and reliable,I have been using this daily for weeks now with zero complaints.,TRUE,2025-04-03 08:20:40+00
58,108,23,171,4,Would buy again in a heartbeat,Hands down the best purchase I made this year. High performance and sleek design.,TRUE,2024-12-27 18:06:09+00
59,118,29,184,2,Defective on arrival,Had to initiate a return immediately due to damaged hardware.,TRUE,2025-11-18 20:47:32+00
60,119,29,186,3,Average performance,Works as advertised but packaging was slightly dinged during transit.,TRUE,2025-09-06 16:37:55+00
61,121,10,190,5,Great value for money,Competes with items twice the price. Very satisfied with this product.,TRUE,2024-12-21 01:35:43+00
62,121,20,191,3,Okay for the price,"Nothing extraordinary, but perfectly fine for daily casual use.",TRUE,2025-02-01 04:00:43+00
63,124,12,196,4,Sturdy and reliable,I have been using this daily for weeks now with zero complaints.,TRUE,2025-01-26 03:19:57+00
64,127,3,202,4,Exceeded Expectations!,Absolutely stellar quality. Built to last and works seamlessly out of the box.,TRUE,2025-08-08 09:34:23+00
65,129,9,206,2,Not what I expected,Colors did not match the product pictures online. Customer support was slow.,TRUE,2025-06-11 13:42:34+00
66,130,6,207,4,Top notch quality,Remarkable attention to detail. Fast shipping and solid packaging.,TRUE,2025-06-05 11:30:17+00
67,133,1,211,4,Exceeded Expectations!,Absolutely stellar quality. Built to last and works seamlessly out of the box.,TRUE,2025-10-03 08:45:53+00
68,138,21,219,4,Sturdy and reliable,I have been using this daily for weeks now with zero complaints.,TRUE,2024-12-23 20:42:48+00
69,140,20,223,4,Sturdy and reliable,I have been using this daily for weeks now with zero complaints.,TRUE,2025-10-12 09:23:19+00
70,140,36,225,4,Exceeded Expectations!,Absolutely stellar quality. Built to last and works seamlessly out of the box.,TRUE,2025-12-10 05:01:19+00
71,143,21,230,5,Top notch quality,Remarkable attention to detail. Fast shipping and solid packaging.,TRUE,2024-05-13 04:29:46+00
72,144,5,232,4,Top notch quality,Remarkable attention to detail. Fast shipping and solid packaging.,TRUE,2025-04-14 00:27:59+00
73,145,30,233,4,Top notch quality,Remarkable attention to detail. Fast shipping and solid packaging.,TRUE,2025-11-02 02:42:11+00
74,146,2,234,5,Great value for money,Competes with items twice the price. Very satisfied with this product.,TRUE,2024-06-03 12:39:40+00
75,146,20,236,3,"Decent, does the job","Good product overall, though a bit heavier than I anticipated.",TRUE,2024-08-31 18:36:40+00
76,151,13,243,4,Great value for money,Competes with items twice the price. Very satisfied with this product.,TRUE,2025-06-02 07:07:37+00
77,155,13,251,4,Sturdy and reliable,I have been using this daily for weeks now with zero complaints.,TRUE,2024-02-15 03:00:39+00
78,157,24,254,5,Exceeded Expectations!,Absolutely stellar quality. Built to last and works seamlessly out of the box.,TRUE,2024-03-22 20:07:53+00
79,157,12,255,4,Great value for money,Competes with items twice the price. Very satisfied with this product.,TRUE,2024-04-18 22:23:53+00
80,161,26,262,4,Exceeded Expectations!,Absolutely stellar quality. Built to last and works seamlessly out of the box.,TRUE,2025-05-18 17:36:48+00
81,162,26,263,4,Top notch quality,Remarkable attention to detail. Fast shipping and solid packaging.,TRUE,2025-10-25 15:27:56+00
82,162,23,264,5,Sturdy and reliable,I have been using this daily for weeks now with zero complaints.,TRUE,2025-12-28 23:31:56+00
83,162,32,266,5,Top notch quality,Remarkable attention to detail. Fast shipping and solid packaging.,TRUE,2026-01-10 00:46:56+00
84,165,32,270,5,Sturdy and reliable,I have been using this daily for weeks now with zero complaints.,TRUE,2025-08-02 11:07:28+00
85,166,12,272,4,Sturdy and reliable,I have been using this daily for weeks now with zero complaints.,TRUE,2024-11-22 01:32:05+00
86,167,9,274,5,Would buy again in a heartbeat,Hands down the best purchase I made this year. High performance and sleek design.,TRUE,2025-03-22 21:22:17+00
87,168,24,275,4,Top notch quality,Remarkable attention to detail. Fast shipping and solid packaging.,TRUE,2025-06-20 03:25:34+00
88,168,5,276,5,Would buy again in a heartbeat,Hands down the best purchase I made this year. High performance and sleek design.,TRUE,2025-07-21 11:56:34+00
89,169,5,278,5,Would buy again in a heartbeat,Hands down the best purchase I made this year. High performance and sleek design.,TRUE,2025-06-03 21:43:01+00
90,169,13,279,4,Sturdy and reliable,I have been using this daily for weeks now with zero complaints.,TRUE,2025-07-26 00:25:01+00
91,170,31,280,5,Sturdy and reliable,I have been using this daily for weeks now with zero complaints.,TRUE,2024-10-26 09:14:37+00
92,170,36,281,5,Sturdy and reliable,I have been using this daily for weeks now with zero complaints.,TRUE,2024-10-22 13:26:37+00
93,175,25,288,4,Top notch quality,Remarkable attention to detail. Fast shipping and solid packaging.,TRUE,2025-04-15 04:27:17+00
94,176,12,290,4,Exceeded Expectations!,Absolutely stellar quality. Built to last and works seamlessly out of the box.,TRUE,2025-10-04 06:06:16+00
95,180,26,294,3,"Decent, does the job","Good product overall, though a bit heavier than I anticipated.",TRUE,2025-06-16 18:04:43+00
96,182,13,300,4,Great value for money,Competes with items twice the price. Very satisfied with this product.,TRUE,2024-10-18 09:21:09+00
97,183,16,305,5,Top notch quality,Remarkable attention to detail. Fast shipping and solid packaging.,TRUE,2025-04-19 19:22:31+00
98,184,38,309,5,Top notch quality,Remarkable attention to detail. Fast shipping and solid packaging.,TRUE,2025-05-09 09:42:52+00
99,184,26,310,4,Would buy again in a heartbeat,Hands down the best purchase I made this year. High performance and sleek design.,TRUE,2025-06-30 18:14:52+00
100,184,38,311,4,Great value for money,Competes with items twice the price. Very satisfied with this product.,TRUE,2025-07-15 19:29:52+00
101,184,14,312,5,Great value for money,Competes with items twice the price. Very satisfied with this product.,TRUE,2025-08-12 07:28:52+00
102,184,1,315,3,Okay for the price,"Nothing extraordinary, but perfectly fine for daily casual use.",TRUE,2026-01-02 07:06:52+00
103,186,17,318,4,Would buy again in a heartbeat,Hands down the best purchase I made this year. High performance and sleek design.,TRUE,2024-12-01 02:39:25+00
104,187,16,320,5,Top notch quality,Remarkable attention to detail. Fast shipping and solid packaging.,TRUE,2025-08-28 03:34:43+00
105,189,35,323,3,Average performance,Works as advertised but packaging was slightly dinged during transit.,TRUE,2024-02-19 13:40:29+00
106,189,31,324,5,Great value for money,Competes with items twice the price. Very satisfied with this product.,TRUE,2024-04-15 23:29:29+00
107,191,32,328,3,Average performance,Works as advertised but packaging was slightly dinged during transit.,TRUE,2024-10-24 13:31:28+00
108,194,19,333,4,Top notch quality,Remarkable attention to detail. Fast shipping and solid packaging.,TRUE,2024-10-17 21:40:38+00
109,196,16,336,1,Not what I expected,Colors did not match the product pictures online. Customer support was slow.,TRUE,2024-07-15 06:25:21+00
110,197,23,337,4,Exceeded Expectations!,Absolutely stellar quality. Built to last and works seamlessly out of the box.,TRUE,2024-11-16 10:19:55+00
111,204,7,349,1,Defective on arrival,Had to initiate a return immediately due to damaged hardware.,TRUE,2024-12-05 12:33:38+00
112,205,14,350,1,Defective on arrival,Had to initiate a return immediately due to damaged hardware.,TRUE,2024-10-06 11:40:15+00
113,205,26,351,4,Top notch quality,Remarkable attention to detail. Fast shipping and solid packaging.,TRUE,2024-12-11 09:54:15+00
114,207,11,354,5,Exceeded Expectations!,Absolutely stellar quality. Built to last and works seamlessly out of the box.,TRUE,2025-02-22 11:46:21+00
115,208,8,355,5,Would buy again in a heartbeat,Hands down the best purchase I made this year. High performance and sleek design.,TRUE,2025-05-13 21:32:23+00
116,208,21,356,4,Would buy again in a heartbeat,Hands down the best purchase I made this year. High performance and sleek design.,TRUE,2025-06-22 02:41:23+00
117,209,18,357,3,Average performance,Works as advertised but packaging was slightly dinged during transit.,TRUE,2025-08-05 08:59:06+00
118,213,18,365,4,Would buy again in a heartbeat,Hands down the best purchase I made this year. High performance and sleek design.,TRUE,2024-04-25 18:45:27+00
119,218,35,371,3,Average performance,Works as advertised but packaging was slightly dinged during transit.,TRUE,2025-12-06 07:01:01+00
120,219,29,372,5,Exceeded Expectations!,Absolutely stellar quality. Built to last and works seamlessly out of the box.,TRUE,2024-11-09 04:08:58+00
121,220,3,373,1,Defective on arrival,Had to initiate a return immediately due to damaged hardware.,TRUE,2024-04-12 04:02:52+00
122,223,36,376,3,Okay for the price,"Nothing extraordinary, but perfectly fine for daily casual use.",TRUE,2025-08-15 01:47:42+00
123,224,6,379,5,Exceeded Expectations!,Absolutely stellar quality. Built to last and works seamlessly out of the box.,TRUE,2025-02-03 12:27:14+00
124,226,14,381,4,Sturdy and reliable,I have been using this daily for weeks now with zero complaints.,TRUE,2024-11-08 08:03:41+00
125,230,4,386,5,Top notch quality,Remarkable attention to detail. Fast shipping and solid packaging.,TRUE,2024-10-06 16:00:39+00
126,231,8,391,5,Great value for money,Competes with items twice the price. Very satisfied with this product.,TRUE,2025-07-16 19:41:45+00
127,239,17,401,5,Would buy again in a heartbeat,Hands down the best purchase I made this year. High performance and sleek design.,TRUE,2025-05-29 21:33:47+00
128,241,10,404,4,Would buy again in a heartbeat,Hands down the best purchase I made this year. High performance and sleek design.,TRUE,2025-08-27 07:10:25+00
129,243,26,407,4,Would buy again in a heartbeat,Hands down the best purchase I made this year. High performance and sleek design.,TRUE,2024-08-04 13:23:05+00
130,245,19,410,2,Disappointed with build quality,Stopped functioning after 2 weeks. Expected better durability for the price.,TRUE,2024-08-29 05:13:58+00
131,246,24,411,4,Top notch quality,Remarkable attention to detail. Fast shipping and solid packaging.,TRUE,2025-07-23 02:28:24+00
132,249,24,416,4,Exceeded Expectations!,Absolutely stellar quality. Built to last and works seamlessly out of the box.,TRUE,2026-02-10 11:07:43+00
133,250,1,418,5,Great value for money,Competes with items twice the price. Very satisfied with this product.,TRUE,2025-04-12 18:07:05+00
134,251,29,419,2,Disappointed with build quality,Stopped functioning after 2 weeks. Expected better durability for the price.,TRUE,2024-12-12 01:26:30+00
135,251,13,420,1,Not what I expected,Colors did not match the product pictures online. Customer support was slow.,TRUE,2025-01-22 01:17:30+00
136,252,31,421,5,Would buy again in a heartbeat,Hands down the best purchase I made this year. High performance and sleek design.,TRUE,2025-09-07 12:15:41+00
137,257,8,435,4,Exceeded Expectations!,Absolutely stellar quality. Built to last and works seamlessly out of the box.,TRUE,2025-08-26 15:52:22+00
138,258,12,436,1,Defective on arrival,Had to initiate a return immediately due to damaged hardware.,TRUE,2025-09-23 20:57:28+00
139,259,2,438,5,Top notch quality,Remarkable attention to detail. Fast shipping and solid packaging.,TRUE,2025-06-13 22:42:11+00
140,259,23,439,5,Exceeded Expectations!,Absolutely stellar quality. Built to last and works seamlessly out of the box.,TRUE,2025-08-06 06:06:11+00
141,260,35,440,1,Disappointed with build quality,Stopped functioning after 2 weeks. Expected better durability for the price.,TRUE,2024-03-04 00:28:57+00
142,262,7,446,1,Not what I expected,Colors did not match the product pictures online. Customer support was slow.,TRUE,2025-10-27 18:01:45+00
143,263,6,447,4,Exceeded Expectations!,Absolutely stellar quality. Built to last and works seamlessly out of the box.,TRUE,2024-04-18 03:08:12+00
144,268,1,459,4,Top notch quality,Remarkable attention to detail. Fast shipping and solid packaging.,TRUE,2025-08-14 09:14:35+00
145,270,5,463,4,Great value for money,Competes with items twice the price. Very satisfied with this product.,TRUE,2024-09-28 08:35:04+00
146,276,35,469,5,Sturdy and reliable,I have been using this daily for weeks now with zero complaints.,TRUE,2024-04-06 21:33:15+00
147,276,12,472,4,Great value for money,Competes with items twice the price. Very satisfied with this product.,TRUE,2024-07-11 15:48:15+00
148,277,37,474,2,Defective on arrival,Had to initiate a return immediately due to damaged hardware.,TRUE,2024-12-19 08:53:08+00
149,286,20,489,3,Average performance,Works as advertised but packaging was slightly dinged during transit.,TRUE,2025-08-17 22:44:25+00
150,287,35,493,2,Disappointed with build quality,Stopped functioning after 2 weeks. Expected better durability for the price.,TRUE,2025-03-25 13:36:38+00
151,290,29,500,4,Would buy again in a heartbeat,Hands down the best purchase I made this year. High performance and sleek design.,TRUE,2024-09-26 07:08:54+00
152,292,5,503,5,Great value for money,Competes with items twice the price. Very satisfied with this product.,TRUE,2024-07-28 09:37:19+00
153,293,5,506,2,Not what I expected,Colors did not match the product pictures online. Customer support was slow.,TRUE,2025-02-11 07:55:59+00
154,297,24,513,5,Exceeded Expectations!,Absolutely stellar quality. Built to last and works seamlessly out of the box.,TRUE,2024-03-17 11:55:39+00
155,298,10,515,5,Exceeded Expectations!,Absolutely stellar quality. Built to last and works seamlessly out of the box.,TRUE,2024-03-30 16:38:36+00
156,301,26,520,2,Disappointed with build quality,Stopped functioning after 2 weeks. Expected better durability for the price.,TRUE,2025-09-22 00:18:58+00
157,304,4,523,4,Top notch quality,Remarkable attention to detail. Fast shipping and solid packaging.,TRUE,2025-01-25 17:29:46+00
158,304,4,525,4,Top notch quality,Remarkable attention to detail. Fast shipping and solid packaging.,TRUE,2025-03-26 02:57:46+00
159,304,20,526,2,Not what I expected,Colors did not match the product pictures online. Customer support was slow.,TRUE,2025-04-05 13:36:46+00
160,305,24,529,4,Exceeded Expectations!,Absolutely stellar quality. Built to last and works seamlessly out of the box.,TRUE,2024-12-09 15:35:11+00
161,307,3,531,5,Sturdy and reliable,I have been using this daily for weeks now with zero complaints.,TRUE,2025-05-03 14:36:58+00
162,309,3,534,1,Not what I expected,Colors did not match the product pictures online. Customer support was slow.,TRUE,2025-06-17 15:23:50+00
163,309,29,535,3,"Decent, does the job","Good product overall, though a bit heavier than I anticipated.",TRUE,2025-07-08 03:34:50+00
164,309,37,536,5,Great value for money,Competes with items twice the price. Very satisfied with this product.,TRUE,2025-08-03 13:24:50+00
165,310,35,537,3,Okay for the price,"Nothing extraordinary, but perfectly fine for daily casual use.",TRUE,2024-10-06 07:03:28+00
166,312,9,540,4,Exceeded Expectations!,Absolutely stellar quality. Built to last and works seamlessly out of the box.,TRUE,2024-11-05 22:30:19+00
167,316,35,544,2,Not what I expected,Colors did not match the product pictures online. Customer support was slow.,TRUE,2024-07-08 13:36:06+00
168,321,17,549,1,Not what I expected,Colors did not match the product pictures online. Customer support was slow.,TRUE,2024-10-02 08:06:26+00
169,326,18,555,5,Exceeded Expectations!,Absolutely stellar quality. Built to last and works seamlessly out of the box.,TRUE,2024-11-23 15:08:40+00
170,327,13,559,3,Okay for the price,"Nothing extraordinary, but perfectly fine for daily casual use.",TRUE,2024-07-30 09:22:11+00
171,328,21,560,2,Disappointed with build quality,Stopped functioning after 2 weeks. Expected better durability for the price.,TRUE,2025-12-02 03:16:04+00
172,330,8,562,4,Great value for money,Competes with items twice the price. Very satisfied with this product.,TRUE,2024-09-13 02:10:18+00
173,331,6,565,4,Great value for money,Competes with items twice the price. Very satisfied with this product.,TRUE,2024-06-22 03:22:12+00
174,333,28,567,1,Defective on arrival,Had to initiate a return immediately due to damaged hardware.,TRUE,2024-11-01 07:33:47+00
175,335,1,574,4,Top notch quality,Remarkable attention to detail. Fast shipping and solid packaging.,TRUE,2024-12-23 08:12:58+00
176,339,2,581,4,Sturdy and reliable,I have been using this daily for weeks now with zero complaints.,TRUE,2024-03-21 22:56:43+00
177,339,24,582,4,Great value for money,Competes with items twice the price. Very satisfied with this product.,TRUE,2024-04-10 03:32:43+00
178,339,27,585,4,Sturdy and reliable,I have been using this daily for weeks now with zero complaints.,TRUE,2024-08-10 15:38:43+00
179,340,7,586,3,Average performance,Works as advertised but packaging was slightly dinged during transit.,TRUE,2025-09-11 07:50:31+00
180,341,38,587,3,Average performance,Works as advertised but packaging was slightly dinged during transit.,TRUE,2024-03-08 22:35:16+00
181,342,7,588,5,Exceeded Expectations!,Absolutely stellar quality. Built to last and works seamlessly out of the box.,TRUE,2025-03-13 09:53:35+00
182,343,24,589,5,Exceeded Expectations!,Absolutely stellar quality. Built to last and works seamlessly out of the box.,TRUE,2024-05-20 05:25:22+00
183,344,12,594,4,Sturdy and reliable,I have been using this daily for weeks now with zero complaints.,TRUE,2025-08-21 02:32:37+00
184,347,24,599,3,"Decent, does the job","Good product overall, though a bit heavier than I anticipated.",TRUE,2024-02-10 08:43:24+00
185,349,6,603,2,Defective on arrival,Had to initiate a return immediately due to damaged hardware.,TRUE,2025-06-23 10:06:56+00
186,351,35,606,5,Exceeded Expectations!,Absolutely stellar quality. Built to last and works seamlessly out of the box.,TRUE,2024-12-27 09:02:07+00
187,354,19,611,4,Sturdy and reliable,I have been using this daily for weeks now with zero complaints.,TRUE,2024-09-08 20:45:48+00
188,359,19,616,5,Top notch quality,Remarkable attention to detail. Fast shipping and solid packaging.,TRUE,2024-12-18 16:33:06+00
189,360,15,619,5,Top notch quality,Remarkable attention to detail. Fast shipping and solid packaging.,TRUE,2024-10-05 15:04:29+00
190,360,21,620,3,Okay for the price,"Nothing extraordinary, but perfectly fine for daily casual use.",TRUE,2024-10-11 19:25:29+00
191,362,5,623,4,Would buy again in a heartbeat,Hands down the best purchase I made this year. High performance and sleek design.,TRUE,2024-08-08 08:21:20+00
192,367,31,629,5,Great value for money,Competes with items twice the price. Very satisfied with this product.,TRUE,2025-06-04 09:00:06+00
193,367,17,630,5,Top notch quality,Remarkable attention to detail. Fast shipping and solid packaging.,TRUE,2025-07-14 14:35:06+00
194,368,26,632,4,Exceeded Expectations!,Absolutely stellar quality. Built to last and works seamlessly out of the box.,TRUE,2025-05-15 23:15:36+00
195,369,8,636,1,Disappointed with build quality,Stopped functioning after 2 weeks. Expected better durability for the price.,TRUE,2024-09-13 21:47:58+00
196,369,28,640,5,Top notch quality,Remarkable attention to detail. Fast shipping and solid packaging.,TRUE,2024-12-17 19:39:58+00
197,371,20,643,2,Not what I expected,Colors did not match the product pictures online. Customer support was slow.,TRUE,2025-12-31 06:30:05+00
198,371,4,644,3,Okay for the price,"Nothing extraordinary, but perfectly fine for daily casual use.",TRUE,2026-02-08 06:58:05+00
199,372,2,646,4,Great value for money,Competes with items twice the price. Very satisfied with this product.,TRUE,2025-01-29 13:17:49+00
200,375,25,649,4,Would buy again in a heartbeat,Hands down the best purchase I made this year. High performance and sleek design.,TRUE,2025-11-06 02:25:34+00
201,376,17,650,4,Sturdy and reliable,I have been using this daily for weeks now with zero complaints.,TRUE,2025-07-12 22:00:59+00
202,377,19,651,5,Top notch quality,Remarkable attention to detail. Fast shipping and solid packaging.,TRUE,2024-04-02 07:52:10+00
203,378,18,654,4,Sturdy and reliable,I have been using this daily for weeks now with zero complaints.,TRUE,2025-05-18 00:51:06+00
204,378,32,655,3,Average performance,Works as advertised but packaging was slightly dinged during transit.,TRUE,2025-06-07 12:45:06+00
205,381,22,660,5,Great value for money,Competes with items twice the price. Very satisfied with this product.,TRUE,2025-04-11 01:13:58+00
206,381,8,661,3,"Decent, does the job","Good product overall, though a bit heavier than I anticipated.",TRUE,2025-04-28 10:50:58+00
207,383,24,663,4,Sturdy and reliable,I have been using this daily for weeks now with zero complaints.,TRUE,2025-04-17 01:58:14+00
208,389,2,672,4,Top notch quality,Remarkable attention to detail. Fast shipping and solid packaging.,TRUE,2025-06-23 02:43:34+00
209,393,6,678,4,Sturdy and reliable,I have been using this daily for weeks now with zero complaints.,TRUE,2025-01-29 14:58:48+00
210,395,33,682,5,Exceeded Expectations!,Absolutely stellar quality. Built to last and works seamlessly out of the box.,TRUE,2024-10-20 11:42:49+00
211,400,35,689,5,Great value for money,Competes with items twice the price. Very satisfied with this product.,TRUE,2024-12-27 00:05:06+00
212,403,33,694,2,Disappointed with build quality,Stopped functioning after 2 weeks. Expected better durability for the price.,TRUE,2025-12-13 18:05:19+00
213,404,4,697,4,Sturdy and reliable,I have been using this daily for weeks now with zero complaints.,TRUE,2024-12-03 01:09:44+00
214,406,34,706,3,Okay for the price,"Nothing extraordinary, but perfectly fine for daily casual use.",TRUE,2024-07-29 12:21:03+00
215,407,2,707,5,Exceeded Expectations!,Absolutely stellar quality. Built to last and works seamlessly out of the box.,TRUE,2024-06-25 21:56:30+00
216,408,34,708,4,Top notch quality,Remarkable attention to detail. Fast shipping and solid packaging.,TRUE,2024-05-11 01:34:40+00
217,414,33,716,1,Disappointed with build quality,Stopped functioning after 2 weeks. Expected better durability for the price.,TRUE,2025-06-19 20:57:49+00
218,415,24,718,5,Exceeded Expectations!,Absolutely stellar quality. Built to last and works seamlessly out of the box.,TRUE,2025-12-15 08:48:00+00
219,416,8,719,3,Okay for the price,"Nothing extraordinary, but perfectly fine for daily casual use.",TRUE,2024-04-19 05:11:09+00
220,417,24,723,3,Okay for the price,"Nothing extraordinary, but perfectly fine for daily casual use.",TRUE,2025-03-25 18:48:18+00
221,417,31,725,4,Great value for money,Competes with items twice the price. Very satisfied with this product.,TRUE,2025-04-12 11:03:18+00
222,417,4,726,5,Exceeded Expectations!,Absolutely stellar quality. Built to last and works seamlessly out of the box.,TRUE,2025-06-07 16:56:18+00
223,418,33,728,5,Sturdy and reliable,I have been using this daily for weeks now with zero complaints.,TRUE,2025-09-12 09:50:36+00
224,419,2,729,3,Average performance,Works as advertised but packaging was slightly dinged during transit.,TRUE,2024-08-31 15:49:11+00
225,420,4,730,4,Sturdy and reliable,I have been using this daily for weeks now with zero complaints.,TRUE,2024-07-13 12:58:01+00
226,421,11,733,3,Okay for the price,"Nothing extraordinary, but perfectly fine for daily casual use.",TRUE,2024-03-30 06:58:10+00
227,423,18,736,3,Average performance,Works as advertised but packaging was slightly dinged during transit.,TRUE,2025-02-05 05:02:14+00
228,425,11,740,3,Average performance,Works as advertised but packaging was slightly dinged during transit.,TRUE,2025-08-01 13:27:37+00
229,426,11,741,4,Would buy again in a heartbeat,Hands down the best purchase I made this year. High performance and sleek design.,TRUE,2024-08-14 10:11:44+00
230,427,19,743,3,Average performance,Works as advertised but packaging was slightly dinged during transit.,TRUE,2025-07-13 18:49:49+00
231,428,31,745,5,Exceeded Expectations!,Absolutely stellar quality. Built to last and works seamlessly out of the box.,TRUE,2024-11-01 12:15:51+00
232,430,9,749,5,Top notch quality,Remarkable attention to detail. Fast shipping and solid packaging.,TRUE,2024-04-10 09:13:06+00
233,435,27,755,3,"Decent, does the job","Good product overall, though a bit heavier than I anticipated.",TRUE,2025-07-10 18:32:14+00
234,436,9,758,1,Not what I expected,Colors did not match the product pictures online. Customer support was slow.,TRUE,2025-08-17 14:07:09+00
235,436,27,759,5,Exceeded Expectations!,Absolutely stellar quality. Built to last and works seamlessly out of the box.,TRUE,2025-10-02 08:27:09+00
236,437,5,762,4,Would buy again in a heartbeat,Hands down the best purchase I made this year. High performance and sleek design.,TRUE,2024-06-02 23:10:56+00
237,439,15,764,5,Would buy again in a heartbeat,Hands down the best purchase I made this year. High performance and sleek design.,TRUE,2024-01-29 15:49:57+00
238,440,28,766,5,Would buy again in a heartbeat,Hands down the best purchase I made this year. High performance and sleek design.,TRUE,2024-03-12 11:58:00+00
239,441,30,767,5,Sturdy and reliable,I have been using this daily for weeks now with zero complaints.,TRUE,2025-10-17 17:08:39+00
240,443,27,770,4,Great value for money,Competes with items twice the price. Very satisfied with this product.,TRUE,2025-08-16 09:52:37+00
241,445,11,773,3,Okay for the price,"Nothing extraordinary, but perfectly fine for daily casual use.",TRUE,2025-04-20 13:48:01+00
242,446,8,776,3,Average performance,Works as advertised but packaging was slightly dinged during transit.,TRUE,2025-07-19 14:55:10+00
243,448,36,784,2,Disappointed with build quality,Stopped functioning after 2 weeks. Expected better durability for the price.,TRUE,2025-08-02 18:36:14+00
244,448,24,786,4,Exceeded Expectations!,Absolutely stellar quality. Built to last and works seamlessly out of the box.,TRUE,2025-09-23 22:04:14+00
245,449,1,787,5,Would buy again in a heartbeat,Hands down the best purchase I made this year. High performance and sleek design.,TRUE,2025-03-25 14:45:27+00
246,449,2,788,3,Okay for the price,"Nothing extraordinary, but perfectly fine for daily casual use.",TRUE,2025-05-16 19:29:27+00
247,450,34,791,5,Sturdy and reliable,I have been using this daily for weeks now with zero complaints.,TRUE,2025-05-07 15:01:56+00
248,451,17,794,4,Sturdy and reliable,I have been using this daily for weeks now with zero complaints.,TRUE,2024-11-16 01:35:40+00
249,454,9,797,4,Exceeded Expectations!,Absolutely stellar quality. Built to last and works seamlessly out of the box.,TRUE,2024-03-07 00:26:47+00
250,463,13,812,4,Would buy again in a heartbeat,Hands down the best purchase I made this year. High performance and sleek design.,TRUE,2025-07-27 19:10:34+00
251,464,30,813,5,Great value for money,Competes with items twice the price. Very satisfied with this product.,TRUE,2025-03-27 12:21:46+00
252,466,8,818,4,Would buy again in a heartbeat,Hands down the best purchase I made this year. High performance and sleek design.,TRUE,2024-03-05 09:49:32+00
253,466,30,819,5,Would buy again in a heartbeat,Hands down the best purchase I made this year. High performance and sleek design.,TRUE,2024-03-20 18:05:32+00
254,468,15,824,5,Sturdy and reliable,I have been using this daily for weeks now with zero complaints.,TRUE,2024-02-19 02:47:06+00
255,468,21,825,5,Great value for money,Competes with items twice the price. Very satisfied with this product.,TRUE,2024-03-23 08:58:06+00
256,468,36,827,2,Not what I expected,Colors did not match the product pictures online. Customer support was slow.,TRUE,2024-04-29 00:19:06+00
257,469,22,830,4,Sturdy and reliable,I have been using this daily for weeks now with zero complaints.,TRUE,2025-11-21 17:30:13+00
258,470,1,831,4,Great value for money,Competes with items twice the price. Very satisfied with this product.,TRUE,2024-05-28 18:58:30+00
259,471,36,832,4,Top notch quality,Remarkable attention to detail. Fast shipping and solid packaging.,TRUE,2024-08-31 19:28:45+00
260,474,28,839,4,Would buy again in a heartbeat,Hands down the best purchase I made this year. High performance and sleek design.,TRUE,2024-07-25 22:22:52+00
261,475,11,841,1,Disappointed with build quality,Stopped functioning after 2 weeks. Expected better durability for the price.,TRUE,2024-09-30 06:04:39+00
262,483,25,853,4,Sturdy and reliable,I have been using this daily for weeks now with zero complaints.,TRUE,2025-11-30 08:02:57+00
263,485,28,856,3,Average performance,Works as advertised but packaging was slightly dinged during transit.,TRUE,2024-11-21 14:00:46+00
264,489,29,861,5,Would buy again in a heartbeat,Hands down the best purchase I made this year. High performance and sleek design.,TRUE,2025-03-22 22:32:27+00
265,490,17,863,5,Exceeded Expectations!,Absolutely stellar quality. Built to last and works seamlessly out of the box.,TRUE,2025-07-26 01:05:22+00
266,492,26,865,4,Great value for money,Competes with items twice the price. Very satisfied with this product.,TRUE,2024-06-07 18:12:06+00
267,492,33,866,4,Top notch quality,Remarkable attention to detail. Fast shipping and solid packaging.,TRUE,2024-06-16 06:47:06+00
268,492,7,867,4,Would buy again in a heartbeat,Hands down the best purchase I made this year. High performance and sleek design.,TRUE,2024-07-11 17:15:06+00
269,493,15,868,5,Great value for money,Competes with items twice the price. Very satisfied with this product.,TRUE,2024-04-22 05:46:31+00
270,497,29,880,5,Exceeded Expectations!,Absolutely stellar quality. Built to last and works seamlessly out of the box.,TRUE,2025-03-02 09:53:09+00
271,501,16,888,5,Top notch quality,Remarkable attention to detail. Fast shipping and solid packaging.,TRUE,2025-03-02 22:37:43+00
272,502,3,889,3,Average performance,Works as advertised but packaging was slightly dinged during transit.,TRUE,2024-11-05 12:08:31+00
273,504,21,891,4,Exceeded Expectations!,Absolutely stellar quality. Built to last and works seamlessly out of the box.,TRUE,2024-03-09 15:13:43+00
274,505,15,894,5,Would buy again in a heartbeat,Hands down the best purchase I made this year. High performance and sleek design.,TRUE,2024-06-23 04:27:06+00
275,505,29,895,5,Great value for money,Competes with items twice the price. Very satisfied with this product.,TRUE,2024-07-10 09:46:06+00
276,505,25,897,4,Would buy again in a heartbeat,Hands down the best purchase I made this year. High performance and sleek design.,TRUE,2024-10-01 18:26:06+00
277,508,26,903,4,Great value for money,Competes with items twice the price. Very satisfied with this product.,TRUE,2025-05-03 21:37:11+00
278,510,13,905,3,Okay for the price,"Nothing extraordinary, but perfectly fine for daily casual use.",TRUE,2025-07-03 11:33:44+00
279,511,16,909,5,Top notch quality,Remarkable attention to detail. Fast shipping and solid packaging.,TRUE,2024-04-28 06:04:59+00
280,511,10,912,4,Would buy again in a heartbeat,Hands down the best purchase I made this year. High performance and sleek design.,TRUE,2024-08-02 08:07:59+00
281,516,4,924,5,Top notch quality,Remarkable attention to detail. Fast shipping and solid packaging.,TRUE,2025-10-20 22:35:36+00
282,516,36,925,3,Okay for the price,"Nothing extraordinary, but perfectly fine for daily casual use.",TRUE,2025-11-22 06:42:36+00
283,519,7,929,4,Exceeded Expectations!,Absolutely stellar quality. Built to last and works seamlessly out of the box.,TRUE,2025-03-20 22:21:50+00
284,519,1,931,5,Top notch quality,Remarkable attention to detail. Fast shipping and solid packaging.,TRUE,2025-06-07 15:20:50+00
285,520,29,933,4,Great value for money,Competes with items twice the price. Very satisfied with this product.,TRUE,2025-06-14 05:58:23+00
286,521,2,934,5,Great value for money,Competes with items twice the price. Very satisfied with this product.,TRUE,2025-10-05 01:56:44+00
287,526,25,940,5,Sturdy and reliable,I have been using this daily for weeks now with zero complaints.,TRUE,2025-09-19 03:31:21+00
288,526,2,942,5,Great value for money,Competes with items twice the price. Very satisfied with this product.,TRUE,2025-11-30 18:02:21+00
289,526,29,943,3,"Decent, does the job","Good product overall, though a bit heavier than I anticipated.",TRUE,2026-01-09 10:25:21+00
290,528,27,946,5,Exceeded Expectations!,Absolutely stellar quality. Built to last and works seamlessly out of the box.,TRUE,2024-06-12 04:22:44+00
291,529,32,948,1,Not what I expected,Colors did not match the product pictures online. Customer support was slow.,TRUE,2024-05-06 16:35:20+00
292,531,5,950,3,Okay for the price,"Nothing extraordinary, but perfectly fine for daily casual use.",TRUE,2025-01-30 08:16:30+00
293,531,28,951,5,Would buy again in a heartbeat,Hands down the best purchase I made this year. High performance and sleek design.,TRUE,2025-01-25 16:07:30+00
294,536,6,960,1,Disappointed with build quality,Stopped functioning after 2 weeks. Expected better durability for the price.,TRUE,2026-02-21 14:33:11+00
295,542,33,973,4,Would buy again in a heartbeat,Hands down the best purchase I made this year. High performance and sleek design.,TRUE,2024-08-22 23:10:20+00
296,542,7,975,4,Top notch quality,Remarkable attention to detail. Fast shipping and solid packaging.,TRUE,2024-11-03 01:50:20+00
297,542,19,976,4,Top notch quality,Remarkable attention to detail. Fast shipping and solid packaging.,TRUE,2025-01-03 23:51:20+00
298,546,3,981,4,Would buy again in a heartbeat,Hands down the best purchase I made this year. High performance and sleek design.,TRUE,2025-02-04 01:17:19+00
299,547,13,983,5,Sturdy and reliable,I have been using this daily for weeks now with zero complaints.,TRUE,2025-11-27 21:22:25+00
300,552,26,990,5,Great value for money,Competes with items twice the price. Very satisfied with this product.,TRUE,2025-01-05 12:56:20+00
301,554,9,992,4,Sturdy and reliable,I have been using this daily for weeks now with zero complaints.,TRUE,2025-01-28 12:26:21+00
302,555,9,994,3,Average performance,Works as advertised but packaging was slightly dinged during transit.,TRUE,2024-05-28 09:52:26+00
303,557,8,996,4,Great value for money,Competes with items twice the price. Very satisfied with this product.,TRUE,2025-12-01 05:46:13+00
304,558,37,998,5,Great value for money,Competes with items twice the price. Very satisfied with this product.,TRUE,2025-03-07 14:36:10+00
305,561,20,1006,4,Top notch quality,Remarkable attention to detail. Fast shipping and solid packaging.,TRUE,2026-01-29 04:51:12+00
306,562,23,1007,3,"Decent, does the job","Good product overall, though a bit heavier than I anticipated.",TRUE,2025-04-05 01:41:26+00
307,563,24,1008,1,Defective on arrival,Had to initiate a return immediately due to damaged hardware.,TRUE,2024-03-21 06:31:35+00
308,565,16,1010,3,Average performance,Works as advertised but packaging was slightly dinged during transit.,TRUE,2025-05-10 13:48:39+00
309,565,4,1012,2,Disappointed with build quality,Stopped functioning after 2 weeks. Expected better durability for the price.,TRUE,2025-07-10 08:26:39+00
310,566,3,1015,5,Great value for money,Competes with items twice the price. Very satisfied with this product.,TRUE,2024-02-15 03:12:58+00
311,569,37,1020,4,Exceeded Expectations!,Absolutely stellar quality. Built to last and works seamlessly out of the box.,TRUE,2024-06-07 18:47:20+00
312,573,35,1024,4,Exceeded Expectations!,Absolutely stellar quality. Built to last and works seamlessly out of the box.,TRUE,2025-01-03 02:27:35+00
313,575,2,1027,5,Would buy again in a heartbeat,Hands down the best purchase I made this year. High performance and sleek design.,TRUE,2024-03-27 14:19:54+00
314,575,25,1028,3,"Decent, does the job","Good product overall, though a bit heavier than I anticipated.",TRUE,2024-05-01 23:57:54+00
315,576,7,1029,5,Exceeded Expectations!,Absolutely stellar quality. Built to last and works seamlessly out of the box.,TRUE,2024-04-25 15:01:37+00
316,577,35,1032,4,Exceeded Expectations!,Absolutely stellar quality. Built to last and works seamlessly out of the box.,TRUE,2024-02-07 18:01:44+00
317,578,6,1033,4,Great value for money,Competes with items twice the price. Very satisfied with this product.,TRUE,2025-03-10 13:00:47+00
318,581,7,1037,4,Exceeded Expectations!,Absolutely stellar quality. Built to last and works seamlessly out of the box.,TRUE,2024-10-29 19:24:12+00
319,584,5,1041,3,Average performance,Works as advertised but packaging was slightly dinged during transit.,TRUE,2024-02-17 20:01:52+00
320,585,8,1042,4,Would buy again in a heartbeat,Hands down the best purchase I made this year. High performance and sleek design.,TRUE,2025-05-06 14:08:39+00
321,587,6,1046,4,Would buy again in a heartbeat,Hands down the best purchase I made this year. High performance and sleek design.,TRUE,2024-04-07 03:29:47+00
322,588,1,1048,3,Okay for the price,"Nothing extraordinary, but perfectly fine for daily casual use.",TRUE,2024-08-19 23:19:26+00
323,592,9,1054,5,Sturdy and reliable,I have been using this daily for weeks now with zero complaints.,TRUE,2025-08-25 00:34:47+00
324,593,31,1058,3,Okay for the price,"Nothing extraordinary, but perfectly fine for daily casual use.",TRUE,2025-04-30 18:20:16+00
325,596,37,1063,4,Would buy again in a heartbeat,Hands down the best purchase I made this year. High performance and sleek design.,TRUE,2024-05-29 15:04:08+00
326,597,27,1065,3,"Decent, does the job","Good product overall, though a bit heavier than I anticipated.",TRUE,2025-10-30 00:48:40+00
327,603,31,1072,4,Sturdy and reliable,I have been using this daily for weeks now with zero complaints.,TRUE,2025-07-21 18:32:57+00
328,604,19,1073,5,Top notch quality,Remarkable attention to detail. Fast shipping and solid packaging.,TRUE,2025-05-04 05:23:47+00
329,605,29,1076,4,Sturdy and reliable,I have been using this daily for weeks now with zero complaints.,TRUE,2025-06-07 06:41:29+00
330,606,34,1078,4,Great value for money,Competes with items twice the price. Very satisfied with this product.,TRUE,2025-07-30 08:37:31+00
331,607,12,1079,4,Top notch quality,Remarkable attention to detail. Fast shipping and solid packaging.,TRUE,2025-10-25 01:09:48+00
332,609,23,1084,4,Sturdy and reliable,I have been using this daily for weeks now with zero complaints.,TRUE,2024-02-14 09:24:20+00
333,609,16,1086,4,Great value for money,Competes with items twice the price. Very satisfied with this product.,TRUE,2024-04-15 22:16:20+00
334,610,23,1087,3,Average performance,Works as advertised but packaging was slightly dinged during transit.,TRUE,2025-05-04 16:06:40+00
335,612,3,1093,3,Average performance,Works as advertised but packaging was slightly dinged during transit.,TRUE,2024-12-19 03:45:31+00
336,612,25,1095,5,Would buy again in a heartbeat,Hands down the best purchase I made this year. High performance and sleek design.,TRUE,2025-02-01 06:15:31+00
337,615,38,1098,5,Exceeded Expectations!,Absolutely stellar quality. Built to last and works seamlessly out of the box.,TRUE,2024-05-30 17:51:24+00
338,619,10,1105,5,Sturdy and reliable,I have been using this daily for weeks now with zero complaints.,TRUE,2025-04-19 06:57:50+00
339,619,6,1106,4,Exceeded Expectations!,Absolutely stellar quality. Built to last and works seamlessly out of the box.,TRUE,2025-05-03 15:41:50+00
340,620,21,1107,5,Top notch quality,Remarkable attention to detail. Fast shipping and solid packaging.,TRUE,2025-09-14 04:02:20+00
341,621,33,1110,4,Would buy again in a heartbeat,Hands down the best purchase I made this year. High performance and sleek design.,TRUE,2026-01-09 07:35:35+00
342,622,27,1111,5,Great value for money,Competes with items twice the price. Very satisfied with this product.,TRUE,2024-06-16 21:07:10+00
343,623,21,1114,5,Would buy again in a heartbeat,Hands down the best purchase I made this year. High performance and sleek design.,TRUE,2024-07-23 05:04:58+00
344,625,24,1117,5,Sturdy and reliable,I have been using this daily for weeks now with zero complaints.,TRUE,2024-02-15 16:12:08+00
345,626,18,1118,5,Great value for money,Competes with items twice the price. Very satisfied with this product.,TRUE,2024-12-28 22:47:10+00
346,627,26,1122,3,Okay for the price,"Nothing extraordinary, but perfectly fine for daily casual use.",TRUE,2026-01-03 05:54:50+00
347,628,23,1124,5,Exceeded Expectations!,Absolutely stellar quality. Built to last and works seamlessly out of the box.,TRUE,2025-07-13 23:27:33+00
348,628,30,1125,2,Defective on arrival,Had to initiate a return immediately due to damaged hardware.,TRUE,2025-08-26 21:39:33+00
349,635,25,1136,4,Great value for money,Competes with items twice the price. Very satisfied with this product.,TRUE,2025-04-02 00:05:37+00
350,636,37,1137,4,Great value for money,Competes with items twice the price. Very satisfied with this product.,TRUE,2025-08-06 04:08:05+00
351,637,4,1138,5,Would buy again in a heartbeat,Hands down the best purchase I made this year. High performance and sleek design.,TRUE,2024-02-06 07:36:09+00
352,637,35,1141,1,Defective on arrival,Had to initiate a return immediately due to damaged hardware.,TRUE,2024-04-23 05:12:09+00
353,645,30,1153,3,Okay for the price,"Nothing extraordinary, but perfectly fine for daily casual use.",TRUE,2024-09-19 19:08:27+00
354,646,31,1155,5,Top notch quality,Remarkable attention to detail. Fast shipping and solid packaging.,TRUE,2025-03-25 00:02:00+00
355,648,11,1157,5,Exceeded Expectations!,Absolutely stellar quality. Built to last and works seamlessly out of the box.,TRUE,2025-10-10 00:34:24+00
356,650,17,1159,5,Would buy again in a heartbeat,Hands down the best purchase I made this year. High performance and sleek design.,TRUE,2025-05-03 05:17:53+00
357,652,27,1163,4,Great value for money,Competes with items twice the price. Very satisfied with this product.,TRUE,2024-02-21 13:23:51+00
358,654,34,1165,5,Would buy again in a heartbeat,Hands down the best purchase I made this year. High performance and sleek design.,TRUE,2025-04-18 06:15:09+00
359,655,24,1167,4,Would buy again in a heartbeat,Hands down the best purchase I made this year. High performance and sleek design.,TRUE,2024-10-10 17:44:43+00
360,656,35,1168,3,Okay for the price,"Nothing extraordinary, but perfectly fine for daily casual use.",TRUE,2024-06-06 11:42:26+00
361,662,15,1175,3,Okay for the price,"Nothing extraordinary, but perfectly fine for daily casual use.",TRUE,2024-08-21 23:50:40+00
362,663,22,1178,4,Top notch quality,Remarkable attention to detail. Fast shipping and solid packaging.,TRUE,2024-08-16 02:38:38+00
363,664,11,1180,4,Great value for money,Competes with items twice the price. Very satisfied with this product.,TRUE,2025-04-02 03:34:15+00
364,665,26,1183,4,Top notch quality,Remarkable attention to detail. Fast shipping and solid packaging.,TRUE,2024-05-08 00:36:07+00
365,667,15,1185,4,Great value for money,Competes with items twice the price. Very satisfied with this product.,TRUE,2024-09-24 22:30:13+00
366,669,5,1187,4,Great value for money,Competes with items twice the price. Very satisfied with this product.,TRUE,2025-02-07 20:35:17+00
367,672,19,1193,4,Sturdy and reliable,I have been using this daily for weeks now with zero complaints.,TRUE,2025-12-25 06:13:18+00
368,674,25,1195,4,Exceeded Expectations!,Absolutely stellar quality. Built to last and works seamlessly out of the box.,TRUE,2025-01-11 12:24:55+00
369,674,13,1196,1,Disappointed with build quality,Stopped functioning after 2 weeks. Expected better durability for the price.,TRUE,2025-02-24 04:31:55+00
370,676,27,1198,5,Exceeded Expectations!,Absolutely stellar quality. Built to last and works seamlessly out of the box.,TRUE,2025-01-05 16:39:18+00
371,677,13,1200,4,Exceeded Expectations!,Absolutely stellar quality. Built to last and works seamlessly out of the box.,TRUE,2024-11-13 00:55:33+00
372,679,26,1202,4,Exceeded Expectations!,Absolutely stellar quality. Built to last and works seamlessly out of the box.,TRUE,2024-10-14 00:24:19+00
373,680,17,1206,4,Sturdy and reliable,I have been using this daily for weeks now with zero complaints.,TRUE,2025-03-19 18:22:50+00
374,680,1,1208,4,Top notch quality,Remarkable attention to detail. Fast shipping and solid packaging.,TRUE,2025-04-21 03:26:50+00
375,680,5,1209,4,Would buy again in a heartbeat,Hands down the best purchase I made this year. High performance and sleek design.,TRUE,2025-05-21 03:55:50+00
376,682,25,1211,4,Sturdy and reliable,I have been using this daily for weeks now with zero complaints.,TRUE,2024-01-29 05:39:52+00
377,683,8,1212,5,Exceeded Expectations!,Absolutely stellar quality. Built to last and works seamlessly out of the box.,TRUE,2025-07-10 20:59:07+00
378,684,5,1213,1,Not what I expected,Colors did not match the product pictures online. Customer support was slow.,TRUE,2024-06-13 01:41:45+00
379,684,26,1217,5,Exceeded Expectations!,Absolutely stellar quality. Built to last and works seamlessly out of the box.,TRUE,2024-10-19 12:03:45+00
380,687,37,1222,4,Top notch quality,Remarkable attention to detail. Fast shipping and solid packaging.,TRUE,2024-05-02 19:12:34+00
381,688,29,1228,4,Sturdy and reliable,I have been using this daily for weeks now with zero complaints.,TRUE,2024-03-22 18:34:01+00
382,692,16,1237,4,Sturdy and reliable,I have been using this daily for weeks now with zero complaints.,TRUE,2024-03-27 08:15:47+00
383,693,8,1239,5,Exceeded Expectations!,Absolutely stellar quality. Built to last and works seamlessly out of the box.,TRUE,2024-06-01 19:25:52+00
384,696,28,1244,3,Okay for the price,"Nothing extraordinary, but perfectly fine for daily casual use.",TRUE,2025-03-08 01:27:46+00
385,698,3,1246,4,Sturdy and reliable,I have been using this daily for weeks now with zero complaints.,TRUE,2024-02-13 11:42:25+00
386,698,13,1247,4,Exceeded Expectations!,Absolutely stellar quality. Built to last and works seamlessly out of the box.,TRUE,2024-02-21 02:39:25+00
387,700,11,1251,4,Great value for money,Competes with items twice the price. Very satisfied with this product.,TRUE,2025-03-05 13:42:49+00
388,701,15,1253,2,Defective on arrival,Had to initiate a return immediately due to damaged hardware.,TRUE,2024-04-12 16:59:12+00
389,702,10,1256,5,Sturdy and reliable,I have been using this daily for weeks now with zero complaints.,TRUE,2024-02-12 09:02:31+00
390,702,14,1257,5,Exceeded Expectations!,Absolutely stellar quality. Built to last and works seamlessly out of the box.,TRUE,2024-03-07 07:53:31+00
391,704,33,1260,3,Okay for the price,"Nothing extraordinary, but perfectly fine for daily casual use.",TRUE,2025-06-14 21:44:57+00
392,704,3,1262,4,Would buy again in a heartbeat,Hands down the best purchase I made this year. High performance and sleek design.,TRUE,2025-09-05 11:19:57+00
393,709,27,1270,5,Great value for money,Competes with items twice the price. Very satisfied with this product.,TRUE,2024-08-04 16:06:09+00
394,709,10,1271,3,"Decent, does the job","Good product overall, though a bit heavier than I anticipated.",TRUE,2024-09-27 02:12:09+00
395,710,19,1272,5,Sturdy and reliable,I have been using this daily for weeks now with zero complaints.,TRUE,2025-10-28 13:53:59+00
396,713,11,1277,3,"Decent, does the job","Good product overall, though a bit heavier than I anticipated.",TRUE,2024-09-30 17:21:49+00
397,717,31,1283,1,Defective on arrival,Had to initiate a return immediately due to damaged hardware.,TRUE,2024-05-09 17:26:15+00
398,721,8,1287,5,Exceeded Expectations!,Absolutely stellar quality. Built to last and works seamlessly out of the box.,TRUE,2024-03-10 17:07:29+00
399,721,32,1289,4,Exceeded Expectations!,Absolutely stellar quality. Built to last and works seamlessly out of the box.,TRUE,2024-03-28 08:33:29+00
400,723,11,1295,5,Would buy again in a heartbeat,Hands down the best purchase I made this year. High performance and sleek design.,TRUE,2025-02-08 05:45:54+00
401,727,6,1301,4,Great value for money,Competes with items twice the price. Very satisfied with this product.,TRUE,2025-02-24 15:28:48+00
402,729,30,1304,4,Exceeded Expectations!,Absolutely stellar quality. Built to last and works seamlessly out of the box.,TRUE,2025-10-11 01:53:08+00
403,730,22,1306,1,Defective on arrival,Had to initiate a return immediately due to damaged hardware.,TRUE,2024-05-26 01:39:36+00
404,734,28,1312,3,"Decent, does the job","Good product overall, though a bit heavier than I anticipated.",TRUE,2024-06-29 23:37:03+00
405,737,11,1316,4,Sturdy and reliable,I have been using this daily for weeks now with zero complaints.,TRUE,2025-01-15 04:53:33+00
406,740,3,1323,5,Top notch quality,Remarkable attention to detail. Fast shipping and solid packaging.,TRUE,2024-04-27 22:22:51+00
407,743,12,1327,5,Sturdy and reliable,I have been using this daily for weeks now with zero complaints.,TRUE,2024-12-16 07:48:36+00
408,745,23,1329,4,Would buy again in a heartbeat,Hands down the best purchase I made this year. High performance and sleek design.,TRUE,2025-05-26 14:04:50+00
409,745,15,1330,4,Exceeded Expectations!,Absolutely stellar quality. Built to last and works seamlessly out of the box.,TRUE,2025-07-05 08:09:50+00
410,746,15,1331,4,Sturdy and reliable,I have been using this daily for weeks now with zero complaints.,TRUE,2025-01-17 12:24:52+00
411,747,3,1332,1,Not what I expected,Colors did not match the product pictures online. Customer support was slow.,TRUE,2024-03-14 21:27:13+00
412,747,6,1333,3,"Decent, does the job","Good product overall, though a bit heavier than I anticipated.",TRUE,2024-04-11 04:58:13+00
413,748,32,1334,4,Would buy again in a heartbeat,Hands down the best purchase I made this year. High performance and sleek design.,TRUE,2025-06-30 17:25:58+00
414,749,25,1336,1,Disappointed with build quality,Stopped functioning after 2 weeks. Expected better durability for the price.,TRUE,2025-01-19 01:43:32+00
415,749,2,1337,3,Average performance,Works as advertised but packaging was slightly dinged during transit.,TRUE,2025-02-12 10:44:32+00
416,759,38,1354,2,Defective on arrival,Had to initiate a return immediately due to damaged hardware.,TRUE,2024-11-05 13:32:07+00
417,761,3,1359,5,Exceeded Expectations!,Absolutely stellar quality. Built to last and works seamlessly out of the box.,TRUE,2025-07-03 03:55:39+00
418,763,20,1368,5,Would buy again in a heartbeat,Hands down the best purchase I made this year. High performance and sleek design.,TRUE,2025-03-18 00:38:13+00
419,768,25,1375,4,Great value for money,Competes with items twice the price. Very satisfied with this product.,TRUE,2025-07-30 20:38:49+00
420,770,6,1379,3,"Decent, does the job","Good product overall, though a bit heavier than I anticipated.",TRUE,2024-06-03 02:19:53+00
421,772,19,1381,5,Top notch quality,Remarkable attention to detail. Fast shipping and solid packaging.,TRUE,2024-10-25 00:55:09+00
422,774,11,1383,4,Sturdy and reliable,I have been using this daily for weeks now with zero complaints.,TRUE,2025-07-02 06:30:57+00
423,774,2,1384,3,Okay for the price,"Nothing extraordinary, but perfectly fine for daily casual use.",TRUE,2025-07-15 19:30:57+00
424,780,3,1397,3,Average performance,Works as advertised but packaging was slightly dinged during transit.,TRUE,2025-06-29 16:43:07+00
425,781,11,1398,5,Top notch quality,Remarkable attention to detail. Fast shipping and solid packaging.,TRUE,2024-02-07 03:47:59+00
426,783,37,1403,3,"Decent, does the job","Good product overall, though a bit heavier than I anticipated.",TRUE,2024-09-12 07:51:42+00
427,783,17,1404,5,Would buy again in a heartbeat,Hands down the best purchase I made this year. High performance and sleek design.,TRUE,2024-09-13 17:41:42+00
428,784,35,1406,4,Sturdy and reliable,I have been using this daily for weeks now with zero complaints.,TRUE,2025-06-27 11:03:46+00
429,786,27,1410,5,Great value for money,Competes with items twice the price. Very satisfied with this product.,TRUE,2025-05-26 16:51:09+00
430,788,15,1413,2,Not what I expected,Colors did not match the product pictures online. Customer support was slow.,TRUE,2025-01-23 20:27:18+00
431,788,2,1414,5,Great value for money,Competes with items twice the price. Very satisfied with this product.,TRUE,2025-02-07 03:33:18+00
432,789,28,1415,3,Okay for the price,"Nothing extraordinary, but perfectly fine for daily casual use.",TRUE,2024-07-08 16:50:04+00
433,791,13,1418,5,Top notch quality,Remarkable attention to detail. Fast shipping and solid packaging.,TRUE,2025-01-04 15:24:11+00
434,791,17,1419,5,Would buy again in a heartbeat,Hands down the best purchase I made this year. High performance and sleek design.,TRUE,2025-02-22 00:35:11+00
435,792,19,1421,5,Exceeded Expectations!,Absolutely stellar quality. Built to last and works seamlessly out of the box.,TRUE,2024-03-07 22:44:31+00
436,793,23,1422,2,Disappointed with build quality,Stopped functioning after 2 weeks. Expected better durability for the price.,TRUE,2025-06-17 06:50:45+00
437,793,31,1424,4,Great value for money,Competes with items twice the price. Very satisfied with this product.,TRUE,2025-08-14 06:23:45+00
438,793,19,1425,4,Great value for money,Competes with items twice the price. Very satisfied with this product.,TRUE,2025-08-20 10:52:45+00
439,802,3,1438,4,Top notch quality,Remarkable attention to detail. Fast shipping and solid packaging.,TRUE,2025-03-29 21:49:47+00
440,803,24,1439,5,Great value for money,Competes with items twice the price. Very satisfied with this product.,TRUE,2025-02-17 09:53:38+00
441,804,31,1441,2,Not what I expected,Colors did not match the product pictures online. Customer support was slow.,TRUE,2024-03-30 06:17:52+00
442,806,35,1445,5,Sturdy and reliable,I have been using this daily for weeks now with zero complaints.,TRUE,2024-09-14 06:57:24+00
443,811,34,1457,4,Would buy again in a heartbeat,Hands down the best purchase I made this year. High performance and sleek design.,TRUE,2024-10-31 07:40:11+00
444,814,11,1463,4,Sturdy and reliable,I have been using this daily for weeks now with zero complaints.,TRUE,2025-06-23 08:04:25+00
445,818,33,1471,4,Great value for money,Competes with items twice the price. Very satisfied with this product.,TRUE,2024-07-13 06:41:44+00
446,819,29,1473,4,Exceeded Expectations!,Absolutely stellar quality. Built to last and works seamlessly out of the box.,TRUE,2025-04-10 20:11:40+00
447,823,27,1483,3,Okay for the price,"Nothing extraordinary, but perfectly fine for daily casual use.",TRUE,2025-06-17 16:07:29+00
448,823,36,1484,4,Would buy again in a heartbeat,Hands down the best purchase I made this year. High performance and sleek design.,TRUE,2025-07-08 00:22:29+00
449,828,28,1490,5,Would buy again in a heartbeat,Hands down the best purchase I made this year. High performance and sleek design.,TRUE,2024-10-31 08:04:43+00
450,828,30,1491,5,Exceeded Expectations!,Absolutely stellar quality. Built to last and works seamlessly out of the box.,TRUE,2024-11-18 13:22:43+00
451,829,35,1492,2,Defective on arrival,Had to initiate a return immediately due to damaged hardware.,TRUE,2024-11-15 09:41:43+00
452,831,12,1495,1,Disappointed with build quality,Stopped functioning after 2 weeks. Expected better durability for the price.,TRUE,2025-12-17 18:28:24+00
453,831,28,1496,5,Would buy again in a heartbeat,Hands down the best purchase I made this year. High performance and sleek design.,TRUE,2026-02-14 14:08:24+00
454,836,31,1502,5,Would buy again in a heartbeat,Hands down the best purchase I made this year. High performance and sleek design.,TRUE,2024-12-12 14:32:24+00
455,837,20,1503,3,Okay for the price,"Nothing extraordinary, but perfectly fine for daily casual use.",TRUE,2025-05-24 04:42:34+00
456,842,32,1513,5,Would buy again in a heartbeat,Hands down the best purchase I made this year. High performance and sleek design.,TRUE,2025-07-06 09:21:46+00
457,842,8,1516,5,Sturdy and reliable,I have been using this daily for weeks now with zero complaints.,TRUE,2025-10-17 07:14:46+00
458,843,36,1519,3,"Decent, does the job","Good product overall, though a bit heavier than I anticipated.",TRUE,2025-07-21 00:34:45+00
459,844,11,1521,5,Great value for money,Competes with items twice the price. Very satisfied with this product.,TRUE,2024-07-27 07:10:42+00
460,845,37,1522,4,Exceeded Expectations!,Absolutely stellar quality. Built to last and works seamlessly out of the box.,TRUE,2025-05-24 10:18:36+00
461,852,14,1533,1,Not what I expected,Colors did not match the product pictures online. Customer support was slow.,TRUE,2025-11-26 23:28:11+00
462,854,28,1537,1,Disappointed with build quality,Stopped functioning after 2 weeks. Expected better durability for the price.,TRUE,2024-04-14 22:44:11+00
463,854,37,1538,4,Top notch quality,Remarkable attention to detail. Fast shipping and solid packaging.,TRUE,2024-05-02 04:40:11+00
464,861,31,1548,5,Top notch quality,Remarkable attention to detail. Fast shipping and solid packaging.,TRUE,2025-05-02 01:28:45+00
465,862,7,1550,4,Sturdy and reliable,I have been using this daily for weeks now with zero complaints.,TRUE,2025-02-18 23:32:42+00
466,865,2,1557,1,Disappointed with build quality,Stopped functioning after 2 weeks. Expected better durability for the price.,TRUE,2024-05-09 05:28:58+00
467,868,4,1561,5,Great value for money,Competes with items twice the price. Very satisfied with this product.,TRUE,2025-05-04 02:42:42+00
468,869,33,1563,5,Would buy again in a heartbeat,Hands down the best purchase I made this year. High performance and sleek design.,TRUE,2025-08-05 15:39:58+00
469,873,9,1571,5,Top notch quality,Remarkable attention to detail. Fast shipping and solid packaging.,TRUE,2024-04-26 10:40:59+00
470,874,33,1574,4,Would buy again in a heartbeat,Hands down the best purchase I made this year. High performance and sleek design.,TRUE,2024-08-30 19:08:20+00
471,874,16,1577,5,Sturdy and reliable,I have been using this daily for weeks now with zero complaints.,TRUE,2024-11-25 12:01:20+00
472,875,18,1579,5,Sturdy and reliable,I have been using this daily for weeks now with zero complaints.,TRUE,2025-08-14 00:54:08+00
473,877,4,1582,4,Great value for money,Competes with items twice the price. Very satisfied with this product.,TRUE,2024-03-05 02:45:22+00
474,878,19,1583,4,Would buy again in a heartbeat,Hands down the best purchase I made this year. High performance and sleek design.,TRUE,2024-02-07 01:23:09+00
475,878,28,1584,5,Sturdy and reliable,I have been using this daily for weeks now with zero complaints.,TRUE,2024-03-31 00:09:09+00
476,880,19,1588,4,Great value for money,Competes with items twice the price. Very satisfied with this product.,TRUE,2025-07-03 03:28:45+00
477,881,25,1589,1,Not what I expected,Colors did not match the product pictures online. Customer support was slow.,TRUE,2024-04-21 21:17:03+00
478,885,30,1596,4,Exceeded Expectations!,Absolutely stellar quality. Built to last and works seamlessly out of the box.,TRUE,2025-11-22 14:11:04+00
479,886,18,1597,3,Okay for the price,"Nothing extraordinary, but perfectly fine for daily casual use.",TRUE,2025-05-11 08:43:31+00
480,888,38,1600,4,Sturdy and reliable,I have been using this daily for weeks now with zero complaints.,TRUE,2024-10-12 19:52:10+00
481,892,37,1608,3,Average performance,Works as advertised but packaging was slightly dinged during transit.,TRUE,2024-04-01 16:22:49+00
482,892,14,1609,5,Great value for money,Competes with items twice the price. Very satisfied with this product.,TRUE,2024-05-30 18:35:49+00
483,895,11,1615,2,Not what I expected,Colors did not match the product pictures online. Customer support was slow.,TRUE,2025-05-11 01:03:58+00
484,896,25,1616,5,Great value for money,Competes with items twice the price. Very satisfied with this product.,TRUE,2024-10-16 13:28:00+00
485,897,18,1619,3,Average performance,Works as advertised but packaging was slightly dinged during transit.,TRUE,2025-05-17 14:25:17+00
486,902,1,1627,3,"Decent, does the job","Good product overall, though a bit heavier than I anticipated.",TRUE,2024-09-21 21:58:02+00
487,906,38,1632,4,Exceeded Expectations!,Absolutely stellar quality. Built to last and works seamlessly out of the box.,TRUE,2025-08-18 16:54:59+00
488,907,29,1634,4,Top notch quality,Remarkable attention to detail. Fast shipping and solid packaging.,TRUE,2024-08-27 22:48:34+00
489,908,16,1636,4,Sturdy and reliable,I have been using this daily for weeks now with zero complaints.,TRUE,2024-02-02 08:31:37+00
490,908,3,1638,4,Top notch quality,Remarkable attention to detail. Fast shipping and solid packaging.,TRUE,2024-04-26 17:14:37+00
491,911,27,1643,3,Average performance,Works as advertised but packaging was slightly dinged during transit.,TRUE,2025-02-13 02:14:22+00
492,913,15,1645,4,Top notch quality,Remarkable attention to detail. Fast shipping and solid packaging.,TRUE,2025-04-06 23:05:20+00
493,915,13,1647,5,Exceeded Expectations!,Absolutely stellar quality. Built to last and works seamlessly out of the box.,TRUE,2024-04-15 05:23:27+00
494,917,14,1650,5,Top notch quality,Remarkable attention to detail. Fast shipping and solid packaging.,TRUE,2024-12-05 13:33:32+00
495,924,26,1658,5,Great value for money,Competes with items twice the price. Very satisfied with this product.,TRUE,2024-04-28 08:03:49+00
496,925,30,1659,4,Great value for money,Competes with items twice the price. Very satisfied with this product.,TRUE,2025-01-06 13:23:31+00
497,926,17,1660,5,Would buy again in a heartbeat,Hands down the best purchase I made this year. High performance and sleek design.,TRUE,2025-07-06 21:56:39+00
498,926,9,1661,4,Sturdy and reliable,I have been using this daily for weeks now with zero complaints.,TRUE,2025-08-20 04:03:39+00
499,928,17,1665,5,Top notch quality,Remarkable attention to detail. Fast shipping and solid packaging.,TRUE,2025-11-28 00:38:45+00
500,929,18,1668,2,Disappointed with build quality,Stopped functioning after 2 weeks. Expected better durability for the price.,TRUE,2025-06-16 20:30:18+00
501,930,8,1669,3,Okay for the price,"Nothing extraordinary, but perfectly fine for daily casual use.",TRUE,2024-01-17 06:09:06+00
502,932,20,1672,1,Not what I expected,Colors did not match the product pictures online. Customer support was slow.,TRUE,2025-11-11 22:03:02+00
503,933,5,1673,4,Exceeded Expectations!,Absolutely stellar quality. Built to last and works seamlessly out of the box.,TRUE,2025-09-13 11:26:15+00
504,933,3,1674,4,Would buy again in a heartbeat,Hands down the best purchase I made this year. High performance and sleek design.,TRUE,2025-10-18 16:47:15+00
505,935,34,1680,5,Exceeded Expectations!,Absolutely stellar quality. Built to last and works seamlessly out of the box.,TRUE,2025-02-19 13:36:38+00
506,936,20,1682,4,Exceeded Expectations!,Absolutely stellar quality. Built to last and works seamlessly out of the box.,TRUE,2025-11-21 04:22:03+00
507,938,4,1685,1,Defective on arrival,Had to initiate a return immediately due to damaged hardware.,TRUE,2025-04-10 07:40:02+00
508,943,6,1691,5,Sturdy and reliable,I have been using this daily for weeks now with zero complaints.,TRUE,2025-05-17 00:19:12+00
509,944,22,1693,5,Would buy again in a heartbeat,Hands down the best purchase I made this year. High performance and sleek design.,TRUE,2025-02-04 15:50:22+00
510,944,35,1694,5,Exceeded Expectations!,Absolutely stellar quality. Built to last and works seamlessly out of the box.,TRUE,2025-03-18 00:52:22+00
511,945,9,1696,4,Would buy again in a heartbeat,Hands down the best purchase I made this year. High performance and sleek design.,TRUE,2025-08-30 00:40:47+00
512,945,24,1698,5,Sturdy and reliable,I have been using this daily for weeks now with zero complaints.,TRUE,2025-12-08 23:20:47+00
513,947,10,1700,2,Disappointed with build quality,Stopped functioning after 2 weeks. Expected better durability for the price.,TRUE,2024-03-09 06:50:09+00
514,947,35,1701,3,Okay for the price,"Nothing extraordinary, but perfectly fine for daily casual use.",TRUE,2024-04-10 13:10:09+00
515,949,28,1704,4,Top notch quality,Remarkable attention to detail. Fast shipping and solid packaging.,TRUE,2025-07-09 16:40:46+00
516,952,1,1709,4,Great value for money,Competes with items twice the price. Very satisfied with this product.,TRUE,2024-12-15 03:11:52+00
517,957,16,1716,4,Exceeded Expectations!,Absolutely stellar quality. Built to last and works seamlessly out of the box.,TRUE,2025-01-20 23:34:31+00
518,958,36,1719,2,Disappointed with build quality,Stopped functioning after 2 weeks. Expected better durability for the price.,TRUE,2024-07-22 11:28:59+00
519,962,5,1726,4,Top notch quality,Remarkable attention to detail. Fast shipping and solid packaging.,TRUE,2024-07-31 16:29:09+00
520,963,21,1727,4,Sturdy and reliable,I have been using this daily for weeks now with zero complaints.,TRUE,2024-04-29 14:22:22+00
521,964,27,1728,4,Great value for money,Competes with items twice the price. Very satisfied with this product.,TRUE,2025-05-28 07:18:50+00
522,964,26,1729,4,Great value for money,Competes with items twice the price. Very satisfied with this product.,TRUE,2025-07-24 15:19:50+00
523,968,3,1736,5,Sturdy and reliable,I have been using this daily for weeks now with zero complaints.,TRUE,2024-12-03 05:04:35+00
524,969,30,1737,5,Sturdy and reliable,I have been using this daily for weeks now with zero complaints.,TRUE,2024-12-13 14:59:00+00
525,970,33,1742,5,Great value for money,Competes with items twice the price. Very satisfied with this product.,TRUE,2025-06-25 13:14:09+00
526,971,3,1744,5,Exceeded Expectations!,Absolutely stellar quality. Built to last and works seamlessly out of the box.,TRUE,2024-12-23 08:31:23+00
527,974,37,1748,4,Sturdy and reliable,I have been using this daily for weeks now with zero complaints.,TRUE,2024-06-22 05:42:11+00
528,978,23,1754,2,Disappointed with build quality,Stopped functioning after 2 weeks. Expected better durability for the price.,TRUE,2024-04-16 05:43:31+00
529,981,28,1757,3,Average performance,Works as advertised but packaging was slightly dinged during transit.,TRUE,2024-05-01 05:26:34+00
530,981,35,1759,5,Exceeded Expectations!,Absolutely stellar quality. Built to last and works seamlessly out of the box.,TRUE,2024-06-14 17:27:34+00
531,981,7,1761,4,Top notch quality,Remarkable attention to detail. Fast shipping and solid packaging.,TRUE,2024-08-04 17:26:34+00
532,982,28,1764,5,Would buy again in a heartbeat,Hands down the best purchase I made this year. High performance and sleek design.,TRUE,2024-11-14 03:24:08+00
533,986,4,1768,5,Top notch quality,Remarkable attention to detail. Fast shipping and solid packaging.,TRUE,2024-11-26 03:49:30+00
534,986,4,1769,5,Great value for money,Competes with items twice the price. Very satisfied with this product.,TRUE,2025-01-25 12:34:30+00
535,987,32,1772,2,Not what I expected,Colors did not match the product pictures online. Customer support was slow.,TRUE,2025-11-19 22:45:29+00
536,988,2,1774,4,Great value for money,Competes with items twice the price. Very satisfied with this product.,TRUE,2024-10-11 10:30:02+00
537,988,5,1775,4,Sturdy and reliable,I have been using this daily for weeks now with zero complaints.,TRUE,2024-10-17 17:59:02+00
538,989,23,1776,3,"Decent, does the job","Good product overall, though a bit heavier than I anticipated.",TRUE,2025-10-14 11:10:03+00
539,990,10,1779,5,Top notch quality,Remarkable attention to detail. Fast shipping and solid packaging.,TRUE,2025-08-26 17:27:42+00
540,992,18,1782,3,Average performance,Works as advertised but packaging was slightly dinged during transit.,TRUE,2025-07-31 19:59:32+00
541,993,36,1785,4,Great value for money,Competes with items twice the price. Very satisfied with this product.,TRUE,2024-04-24 10:23:44+00
542,995,38,1789,2,Defective on arrival,Had to initiate a return immediately due to damaged hardware.,TRUE,2024-02-15 18:15:26+00
543,995,38,1794,5,Would buy again in a heartbeat,Hands down the best purchase I made this year. High performance and sleek design.,TRUE,2024-08-04 13:53:26+00
544,997,27,1796,5,Sturdy and reliable,I have been using this daily for weeks now with zero complaints.,TRUE,2024-08-03 18:40:48+00
545,1001,10,1802,5,Exceeded Expectations!,Absolutely stellar quality. Built to last and works seamlessly out of the box.,TRUE,2025-10-02 16:48:45+00
546,1006,34,1809,4,Great value for money,Competes with items twice the price. Very satisfied with this product.,TRUE,2024-03-06 20:31:44+00
547,1007,38,1812,3,"Decent, does the job","Good product overall, though a bit heavier than I anticipated.",TRUE,2024-06-06 07:44:00+00
548,1007,2,1813,4,Great value for money,Competes with items twice the price. Very satisfied with this product.,TRUE,2024-07-28 10:01:00+00
549,1007,7,1815,5,Sturdy and reliable,I have been using this daily for weeks now with zero complaints.,TRUE,2024-11-04 00:37:00+00
550,1008,32,1816,1,Defective on arrival,Had to initiate a return immediately due to damaged hardware.,TRUE,2024-02-01 15:45:50+00
551,1010,32,1821,3,Average performance,Works as advertised but packaging was slightly dinged during transit.,TRUE,2024-04-17 13:27:45+00
552,1011,3,1822,3,"Decent, does the job","Good product overall, though a bit heavier than I anticipated.",TRUE,2024-07-17 00:38:02+00
553,1013,33,1828,5,Would buy again in a heartbeat,Hands down the best purchase I made this year. High performance and sleek design.,TRUE,2024-03-03 19:53:43+00
554,1014,13,1832,5,Great value for money,Competes with items twice the price. Very satisfied with this product.,TRUE,2024-01-29 20:06:36+00
555,1015,26,1834,3,Okay for the price,"Nothing extraordinary, but perfectly fine for daily casual use.",TRUE,2024-05-29 15:47:07+00
556,1019,13,1839,4,Great value for money,Competes with items twice the price. Very satisfied with this product.,TRUE,2025-09-01 09:21:39+00
557,1020,17,1840,4,Would buy again in a heartbeat,Hands down the best purchase I made this year. High performance and sleek design.,TRUE,2025-01-05 19:47:29+00
558,1020,1,1841,5,Sturdy and reliable,I have been using this daily for weeks now with zero complaints.,TRUE,2025-02-09 22:23:29+00
559,1021,8,1842,5,Great value for money,Competes with items twice the price. Very satisfied with this product.,TRUE,2024-06-26 23:32:21+00
560,1023,31,1844,4,Great value for money,Competes with items twice the price. Very satisfied with this product.,TRUE,2024-05-04 17:02:44+00
561,1025,13,1846,5,Great value for money,Competes with items twice the price. Very satisfied with this product.,TRUE,2025-10-10 11:28:29+00
562,1027,26,1848,4,Sturdy and reliable,I have been using this daily for weeks now with zero complaints.,TRUE,2025-12-19 10:57:34+00
563,1029,30,1850,3,Okay for the price,"Nothing extraordinary, but perfectly fine for daily casual use.",TRUE,2025-09-01 22:17:18+00
564,1032,36,1853,4,Top notch quality,Remarkable attention to detail. Fast shipping and solid packaging.,TRUE,2025-02-06 10:11:57+00
565,1034,20,1859,4,Exceeded Expectations!,Absolutely stellar quality. Built to last and works seamlessly out of the box.,TRUE,2024-12-21 15:22:13+00
566,1038,14,1864,4,Exceeded Expectations!,Absolutely stellar quality. Built to last and works seamlessly out of the box.,TRUE,2024-03-12 04:35:34+00
567,1042,1,1872,5,Sturdy and reliable,I have been using this daily for weeks now with zero complaints.,TRUE,2024-07-30 17:19:52+00
568,1043,36,1875,4,Great value for money,Competes with items twice the price. Very satisfied with this product.,TRUE,2024-06-08 14:22:23+00
569,1049,31,1882,1,Not what I expected,Colors did not match the product pictures online. Customer support was slow.,TRUE,2024-11-03 23:56:01+00
570,1052,36,1886,3,Average performance,Works as advertised but packaging was slightly dinged during transit.,TRUE,2024-05-14 01:31:36+00
571,1052,19,1887,5,Exceeded Expectations!,Absolutely stellar quality. Built to last and works seamlessly out of the box.,TRUE,2024-05-22 20:04:36+00
572,1053,6,1888,5,Exceeded Expectations!,Absolutely stellar quality. Built to last and works seamlessly out of the box.,TRUE,2025-07-24 20:23:46+00
573,1053,37,1889,5,Sturdy and reliable,I have been using this daily for weeks now with zero complaints.,TRUE,2025-08-22 01:31:46+00
574,1058,17,1898,5,Sturdy and reliable,I have been using this daily for weeks now with zero complaints.,TRUE,2024-05-30 22:57:09+00
575,1060,25,1901,5,Exceeded Expectations!,Absolutely stellar quality. Built to last and works seamlessly out of the box.,TRUE,2024-12-16 12:17:38+00
576,1061,24,1902,5,Exceeded Expectations!,Absolutely stellar quality. Built to last and works seamlessly out of the box.,TRUE,2025-02-17 00:17:29+00
577,1061,34,1903,5,Top notch quality,Remarkable attention to detail. Fast shipping and solid packaging.,TRUE,2025-03-20 09:30:29+00
578,1064,28,1906,4,Exceeded Expectations!,Absolutely stellar quality. Built to last and works seamlessly out of the box.,TRUE,2025-02-09 22:37:33+00
579,1065,13,1907,4,Top notch quality,Remarkable attention to detail. Fast shipping and solid packaging.,TRUE,2024-03-22 09:51:00+00
580,1067,38,1909,4,Top notch quality,Remarkable attention to detail. Fast shipping and solid packaging.,TRUE,2025-03-10 03:55:01+00
581,1067,22,1910,5,Sturdy and reliable,I have been using this daily for weeks now with zero complaints.,TRUE,2025-05-10 13:30:01+00
582,1073,35,1919,3,"Decent, does the job","Good product overall, though a bit heavier than I anticipated.",TRUE,2024-08-15 18:44:13+00
583,1075,7,1922,5,Exceeded Expectations!,Absolutely stellar quality. Built to last and works seamlessly out of the box.,TRUE,2024-08-03 02:02:50+00
584,1076,29,1930,5,Great value for money,Competes with items twice the price. Very satisfied with this product.,TRUE,2025-04-19 23:28:04+00
585,1078,26,1934,3,Average performance,Works as advertised but packaging was slightly dinged during transit.,TRUE,2025-06-08 22:39:24+00
586,1078,22,1935,3,Average performance,Works as advertised but packaging was slightly dinged during transit.,TRUE,2025-06-24 05:42:24+00
587,1082,5,1940,5,Sturdy and reliable,I have been using this daily for weeks now with zero complaints.,TRUE,2025-11-06 14:32:05+00
588,1086,28,1946,5,Top notch quality,Remarkable attention to detail. Fast shipping and solid packaging.,TRUE,2024-03-23 14:47:54+00
589,1087,17,1947,5,Top notch quality,Remarkable attention to detail. Fast shipping and solid packaging.,TRUE,2025-02-01 10:21:59+00
590,1090,26,1951,2,Disappointed with build quality,Stopped functioning after 2 weeks. Expected better durability for the price.,TRUE,2024-10-30 19:31:31+00
591,1095,23,1958,4,Great value for money,Competes with items twice the price. Very satisfied with this product.,TRUE,2025-04-21 13:58:29+00
592,1095,26,1959,2,Not what I expected,Colors did not match the product pictures online. Customer support was slow.,TRUE,2025-04-24 13:24:29+00
593,1097,38,1961,5,Great value for money,Competes with items twice the price. Very satisfied with this product.,TRUE,2025-06-20 15:37:21+00
594,1101,17,1967,4,Would buy again in a heartbeat,Hands down the best purchase I made this year. High performance and sleek design.,TRUE,2024-06-03 04:58:16+00
595,1101,35,1969,5,Great value for money,Competes with items twice the price. Very satisfied with this product.,TRUE,2024-09-10 23:41:16+00
596,1106,35,1978,3,Average performance,Works as advertised but packaging was slightly dinged during transit.,TRUE,2024-05-06 13:26:08+00
597,1111,24,1987,5,Great value for money,Competes with items twice the price. Very satisfied with this product.,TRUE,2024-04-17 00:22:31+00
598,1112,13,1988,4,Great value for money,Competes with items twice the price. Very satisfied with this product.,TRUE,2024-11-01 14:29:56+00
599,1113,14,1989,4,Great value for money,Competes with items twice the price. Very satisfied with this product.,TRUE,2025-04-28 05:31:11+00
600,1114,25,1990,5,Great value for money,Competes with items twice the price. Very satisfied with this product.,TRUE,2025-03-14 03:37:17+00
601,1115,19,1993,5,Top notch quality,Remarkable attention to detail. Fast shipping and solid packaging.,TRUE,2024-06-13 03:17:20+00
602,1117,11,1996,4,Sturdy and reliable,I have been using this daily for weeks now with zero complaints.,TRUE,2025-04-09 17:11:45+00
603,1117,21,1997,4,Great value for money,Competes with items twice the price. Very satisfied with this product.,TRUE,2025-06-09 04:01:45+00
604,1119,5,2003,3,"Decent, does the job","Good product overall, though a bit heavier than I anticipated.",TRUE,2024-06-13 03:05:23+00
605,1124,36,2008,3,Okay for the price,"Nothing extraordinary, but perfectly fine for daily casual use.",TRUE,2024-08-22 20:51:45+00
606,1125,10,2010,5,Sturdy and reliable,I have been using this daily for weeks now with zero complaints.,TRUE,2024-09-28 00:12:41+00
607,1130,19,2016,5,Top notch quality,Remarkable attention to detail. Fast shipping and solid packaging.,TRUE,2025-08-16 03:06:37+00
608,1131,24,2018,5,Exceeded Expectations!,Absolutely stellar quality. Built to last and works seamlessly out of the box.,TRUE,2025-09-11 21:48:59+00
609,1134,16,2022,4,Top notch quality,Remarkable attention to detail. Fast shipping and solid packaging.,TRUE,2024-02-21 14:25:19+00
610,1134,3,2023,1,Defective on arrival,Had to initiate a return immediately due to damaged hardware.,TRUE,2024-04-17 13:18:19+00
611,1134,21,2027,1,Disappointed with build quality,Stopped functioning after 2 weeks. Expected better durability for the price.,TRUE,2024-09-03 03:50:19+00
612,1135,7,2029,5,Sturdy and reliable,I have been using this daily for weeks now with zero complaints.,TRUE,2024-02-09 16:41:31+00
613,1136,10,2030,4,Top notch quality,Remarkable attention to detail. Fast shipping and solid packaging.,TRUE,2025-07-04 10:18:59+00
614,1138,9,2034,5,Exceeded Expectations!,Absolutely stellar quality. Built to last and works seamlessly out of the box.,TRUE,2024-09-30 22:52:44+00
615,1146,25,2049,4,Would buy again in a heartbeat,Hands down the best purchase I made this year. High performance and sleek design.,TRUE,2025-12-16 03:22:32+00
616,1146,12,2050,5,Exceeded Expectations!,Absolutely stellar quality. Built to last and works seamlessly out of the box.,TRUE,2026-01-31 07:31:32+00
617,1148,11,2053,5,Great value for money,Competes with items twice the price. Very satisfied with this product.,TRUE,2025-07-28 22:10:35+00
618,1149,6,2054,5,Great value for money,Competes with items twice the price. Very satisfied with this product.,TRUE,2024-07-24 09:03:05+00
619,1149,26,2056,5,Exceeded Expectations!,Absolutely stellar quality. Built to last and works seamlessly out of the box.,TRUE,2024-11-10 19:01:05+00
620,1150,3,2057,3,Okay for the price,"Nothing extraordinary, but perfectly fine for daily casual use.",TRUE,2025-08-20 12:56:39+00
621,1151,13,2059,5,Top notch quality,Remarkable attention to detail. Fast shipping and solid packaging.,TRUE,2024-06-01 09:05:02+00
622,1152,2,2060,2,Not what I expected,Colors did not match the product pictures online. Customer support was slow.,TRUE,2025-07-06 21:07:14+00
623,1152,27,2062,4,Sturdy and reliable,I have been using this daily for weeks now with zero complaints.,TRUE,2025-09-09 14:16:14+00
624,1153,8,2065,5,Exceeded Expectations!,Absolutely stellar quality. Built to last and works seamlessly out of the box.,TRUE,2024-10-14 02:46:01+00
625,1153,14,2067,4,Exceeded Expectations!,Absolutely stellar quality. Built to last and works seamlessly out of the box.,TRUE,2025-01-05 12:59:01+00
626,1156,14,2073,5,Would buy again in a heartbeat,Hands down the best purchase I made this year. High performance and sleek design.,TRUE,2024-03-24 06:33:25+00
627,1157,4,2074,5,Sturdy and reliable,I have been using this daily for weeks now with zero complaints.,TRUE,2025-05-04 17:44:04+00
628,1157,21,2075,2,Defective on arrival,Had to initiate a return immediately due to damaged hardware.,TRUE,2025-06-25 20:47:04+00
629,1158,9,2077,5,Exceeded Expectations!,Absolutely stellar quality. Built to last and works seamlessly out of the box.,TRUE,2025-04-03 20:47:31+00
630,1159,15,2079,1,Not what I expected,Colors did not match the product pictures online. Customer support was slow.,TRUE,2024-03-13 19:09:17+00
631,1160,6,2081,5,Would buy again in a heartbeat,Hands down the best purchase I made this year. High performance and sleek design.,TRUE,2025-08-12 14:19:20+00
632,1161,13,2082,3,Okay for the price,"Nothing extraordinary, but perfectly fine for daily casual use.",TRUE,2024-05-18 17:34:56+00
633,1164,8,2085,4,Would buy again in a heartbeat,Hands down the best purchase I made this year. High performance and sleek design.,TRUE,2024-12-19 17:44:06+00
634,1175,26,2100,5,Exceeded Expectations!,Absolutely stellar quality. Built to last and works seamlessly out of the box.,TRUE,2024-05-09 12:12:25+00
635,1176,17,2101,5,Great value for money,Competes with items twice the price. Very satisfied with this product.,TRUE,2024-10-22 17:52:48+00
636,1182,17,2113,5,Exceeded Expectations!,Absolutely stellar quality. Built to last and works seamlessly out of the box.,TRUE,2025-07-27 13:02:04+00
637,1184,22,2117,4,Top notch quality,Remarkable attention to detail. Fast shipping and solid packaging.,TRUE,2024-07-06 02:40:43+00
638,1184,36,2118,3,"Decent, does the job","Good product overall, though a bit heavier than I anticipated.",TRUE,2024-08-10 13:25:43+00
639,1186,14,2121,4,Great value for money,Competes with items twice the price. Very satisfied with this product.,TRUE,2025-09-14 23:27:46+00
640,1189,26,2124,1,Disappointed with build quality,Stopped functioning after 2 weeks. Expected better durability for the price.,TRUE,2025-02-26 15:49:19+00
641,1191,9,2127,5,Exceeded Expectations!,Absolutely stellar quality. Built to last and works seamlessly out of the box.,TRUE,2025-09-09 08:24:28+00
642,1192,1,2130,4,Top notch quality,Remarkable attention to detail. Fast shipping and solid packaging.,TRUE,2024-01-24 23:44:08+00
643,1197,9,2138,4,Would buy again in a heartbeat,Hands down the best purchase I made this year. High performance and sleek design.,TRUE,2025-07-01 16:16:44+00
644,1198,19,2139,1,Defective on arrival,Had to initiate a return immediately due to damaged hardware.,TRUE,2025-09-14 22:21:24+00
645,1199,37,2140,5,Sturdy and reliable,I have been using this daily for weeks now with zero complaints.,TRUE,2025-09-27 20:28:09+00
